make,model,year,mileage,price,color,state
Chevrolet,Cruze,2011,99157,37488,white,TX
Toyota,Cruze,2017,19882,34176,red,IL
Chevrolet,Altima,2011,77718,40297,blue,CA
Nissan,Fusion,2012,83613,43492,silver,TX
Ford,Cruze,2016,95349,26655,red,NY
Toyota,Accord,2017,23744,10359,silver,IL
Ford,Camry,2012,39212,25049,white,TX
Honda,Cruze,2013,43679,41753,red,FL
Nissan,Fusion,2017,44843,14642,red,FL
Honda,Fusion,2014,55370,23514,white,CA
Nissan,Cruze,2012,33608,15420,red,CA
Honda,Cruze,2013,41146,27168,red,IL
Toyota,Camry,2012,91479,21942,red,CA
Toyota,Camry,2014,11826,15233,silver,FL
Nissan,Accord,2010,67352,33656,red,TX
Ford,Fusion,2015,95389,10597,black,CA
Honda,Altima,2015,36692,19594,blue,FL
Nissan,Camry,2018,78412,46579,red,TX
Nissan,Fusion,2011,72772,40874,red,FL
Chevrolet,Cruze,2015,21945,22364,black,CA
Nissan,Altima,2013,89404,20034,silver,FL
Toyota,Altima,2011,86857,47153,white,FL
Honda,Cruze,2011,51408,46098,silver,CA
Nissan,Camry,2017,52698,40546,white,NY
Nissan,Accord,2012,65905,18361,blue,TX
Nissan,Camry,2011,61562,38042,red,FL
Nissan,Camry,2015,45506,19191,blue,NY
Nissan,Fusion,2018,55439,26857,black,NY
Toyota,Cruze,2010,26672,21328,white,NY
Nissan,Camry,2013,88226,35412,red,TX
Honda,Camry,2016,12078,22661,silver,FL
Ford,Accord,2010,76312,30185,blue,FL
Honda,Fusion,2013,32028,19385,white,CA
Ford,Cruze,2015,71186,29725,black,NY
Toyota,Cruze,2010,59107,42947,red,FL
Toyota,Altima,2015,10303,25373,red,TX
Ford,Cruze,2016,46844,42021,black,CA
Nissan,Cruze,2013,14868,14767,red,TX
Nissan,Fusion,2015,76925,13588,black,TX
Ford,Fusion,2014,60439,42147,white,CA
Toyota,Altima,2015,88831,39761,blue,NY
Nissan,Fusion,2012,87705,31326,red,FL
Toyota,Accord,2014,83357,37597,blue,FL
Honda,Accord,2011,21252,34768,red,TX
Nissan,Cruze,2010,69244,19275,blue,FL
Toyota,Accord,2011,64820,13491,blue,TX
Nissan,Accord,2012,67415,15599,white,FL
Nissan,Camry,2014,76909,42120,silver,NY
Nissan,Accord,2017,99295,27393,red,CA
Ford,Camry,2012,81956,43827,white,FL
Chevrolet,Camry,2013,85479,26708,red,TX
Nissan,Camry,2018,43681,40150,silver,TX
Toyota,Fusion,2013,83539,44056,white,TX
Honda,Camry,2014,55340,29126,red,TX
Toyota,Altima,2017,34037,32689,white,NY
Ford,Altima,2018,50612,36340,red,IL
Honda,Altima,2014,78020,24800,silver,TX
Nissan,Altima,2010,14607,25740,black,IL
Ford,Altima,2014,29361,33129,black,CA
Toyota,Fusion,2015,61145,35547,black,TX
Honda,Cruze,2018,63917,47289,red,TX
Nissan,Cruze,2013,79173,30198,red,TX
Ford,Camry,2015,62543,41175,blue,FL
Ford,Altima,2012,72734,49359,black,CA
Toyota,Cruze,2013,64109,28550,blue,TX
Honda,Accord,2014,29235,38523,white,NY
Chevrolet,Fusion,2012,63631,11322,silver,NY
Chevrolet,Fusion,2013,20860,42545,red,IL
Toyota,Cruze,2016,45157,24604,blue,TX
Chevrolet,Fusion,2015,79367,36525,blue,IL
Ford,Fusion,2014,33947,37357,silver,CA
Toyota,Altima,2010,47125,17037,silver,FL
Nissan,Altima,2011,81900,31919,silver,TX
Nissan,Accord,2010,14612,40669,blue,FL
Chevrolet,Cruze,2013,61729,17964,black,NY
Nissan,Accord,2015,77883,25144,red,IL
Chevrolet,Fusion,2018,22734,16436,black,NY
Toyota,Fusion,2010,42753,20233,black,FL
Honda,Camry,2010,25031,24719,white,IL
Nissan,Fusion,2017,52939,37724,blue,NY
Chevrolet,Accord,2010,42308,19859,silver,IL
Toyota,Accord,2010,24981,26856,blue,IL
Nissan,Cruze,2014,37344,35309,blue,NY
Honda,Altima,2011,36640,41110,red,CA
Toyota,Camry,2012,47575,40248,silver,TX
Ford,Fusion,2014,53501,42544,white,FL
Chevrolet,Cruze,2015,63258,47168,black,CA
Honda,Accord,2016,35405,26922,white,IL
Ford,Altima,2017,97052,22058,blue,FL
Nissan,Camry,2015,15089,13881,black,FL
Ford,Altima,2012,70500,35051,blue,TX
Honda,Camry,2011,14579,15367,red,IL
Ford,Accord,2011,59557,37009,blue,CA
Nissan,Altima,2013,33127,26736,white,FL
Chevrolet,Accord,2010,80428,37518,red,CA
Ford,Accord,2017,91701,40216,blue,TX
Toyota,Fusion,2011,21855,30217,silver,NY
Chevrolet,Altima,2014,31450,37093,black,TX
Nissan,Altima,2011,81203,19967,silver,IL
Nissan,Camry,2011,48230,30697,silver,CA
Ford,Cruze,2012,74771,23515,black,FL
Chevrolet,Fusion,2012,19214,29632,black,CA
Honda,Altima,2017,88529,38257,blue,TX
Honda,Cruze,2018,77840,35296,white,TX
Toyota,Cruze,2011,91148,48456,blue,CA
Nissan,Fusion,2015,98895,17338,blue,FL
Chevrolet,Cruze,2016,28854,11583,silver,TX
Toyota,Cruze,2013,97228,14953,blue,NY
Toyota,Altima,2016,59513,13817,silver,TX
Chevrolet,Camry,2010,50680,33586,black,FL
Chevrolet,Altima,2012,95859,17736,white,NY
Ford,Fusion,2014,45074,23006,silver,CA
Chevrolet,Cruze,2010,95625,23393,silver,FL
Toyota,Cruze,2016,70758,48267,red,TX
Chevrolet,Accord,2018,89305,47240,red,IL
Toyota,Accord,2016,72017,20621,silver,NY
Nissan,Altima,2014,48184,26173,red,TX
Ford,Accord,2012,11795,30494,blue,CA
Honda,Cruze,2015,80746,13727,silver,CA
Honda,Altima,2010,92062,18318,blue,FL
Honda,Cruze,2015,82788,28422,white,TX
Nissan,Camry,2012,97730,42837,silver,CA
Toyota,Cruze,2010,72591,37387,red,NY
Toyota,Altima,2015,13954,14794,silver,TX
Chevrolet,Fusion,2015,79162,30602,blue,IL
Honda,Altima,2011,46570,15269,silver,NY
Chevrolet,Cruze,2013,59673,12425,white,IL
Nissan,Altima,2010,91489,22121,blue,NY
Ford,Altima,2015,69110,35961,red,NY
Toyota,Altima,2010,84644,40651,silver,NY
Nissan,Fusion,2011,94724,37585,red,FL
Honda,Cruze,2010,21277,39841,black,FL
Nissan,Camry,2014,58569,36427,black,CA
Chevrolet,Camry,2017,26619,41902,red,TX
Honda,Camry,2018,93813,14436,silver,TX
Nissan,Altima,2017,33586,18507,black,TX
Honda,Altima,2010,43630,11986,red,TX
Toyota,Altima,2011,63049,33584,blue,NY
Toyota,Camry,2014,14908,23603,silver,TX
Honda,Camry,2013,51233,38750,blue,NY
Chevrolet,Camry,2013,94305,30688,blue,IL
Nissan,Camry,2010,51919,26145,white,NY
Ford,Camry,2014,65575,39014,red,CA
Nissan,Cruze,2016,79775,36485,black,TX
Ford,Camry,2012,48770,13418,silver,NY
Nissan,Altima,2013,88353,32534,red,NY
Honda,Camry,2012,65389,32971,white,CA
Ford,Accord,2014,59214,35763,silver,IL
Nissan,Fusion,2017,33364,25338,silver,NY
Toyota,Cruze,2013,65297,29544,silver,NY
Ford,Cruze,2017,81679,45552,black,TX
Ford,Camry,2017,32959,30744,silver,FL
Nissan,Camry,2015,20991,31631,white,CA
Nissan,Accord,2017,56042,25695,silver,CA
Chevrolet,Fusion,2011,96291,14162,white,CA
Nissan,Altima,2014,74416,39246,black,NY
Ford,Camry,2018,91366,37120,blue,NY
Nissan,Accord,2016,20713,43452,white,NY
Chevrolet,Fusion,2013,49065,36333,blue,TX
Chevrolet,Accord,2011,62369,49045,blue,CA
Chevrolet,Accord,2016,33463,45999,blue,NY
Chevrolet,Camry,2012,43439,46104,black,CA
Toyota,Accord,2012,25841,39644,black,NY
Ford,Fusion,2013,81317,13777,black,TX
Chevrolet,Altima,2011,74267,23944,blue,FL
Honda,Camry,2018,23531,13192,white,IL
Chevrolet,Fusion,2013,85581,46080,black,NY
Ford,Accord,2015,53918,47521,white,FL
Ford,Accord,2017,41481,25020,blue,IL
Honda,Accord,2016,93871,48770,blue,NY
Ford,Accord,2011,48039,43219,white,TX
Toyota,Cruze,2015,68976,11070,blue,FL
Chevrolet,Camry,2017,83164,23195,blue,FL
Nissan,Fusion,2015,57771,49190,white,CA
Toyota,Camry,2014,25765,16753,red,TX
Toyota,Camry,2018,84039,30971,silver,IL
Nissan,Camry,2015,82227,10477,white,CA
Toyota,Fusion,2017,84759,49041,black,NY
Nissan,Camry,2012,45104,38794,white,TX
Chevrolet,Camry,2013,74516,43708,black,IL
Nissan,Altima,2015,13593,47805,black,TX
Honda,Fusion,2018,72574,10032,blue,NY
Chevrolet,Cruze,2012,43151,12897,white,FL
Nissan,Camry,2015,85056,38407,white,NY
Toyota,Cruze,2012,73565,35993,white,CA
Chevrolet,Fusion,2017,14492,37890,red,TX
Nissan,Fusion,2015,38358,46434,white,TX
Toyota,Cruze,2018,55906,27032,red,TX
Toyota,Accord,2016,78195,20105,white,CA
Ford,Camry,2014,79015,24020,blue,CA
Chevrolet,Fusion,2015,10338,46394,white,NY
Nissan,Cruze,2013,58006,26557,silver,TX
Honda,Accord,2011,51305,27601,red,FL
Chevrolet,Fusion,2015,77641,31940,silver,CA
Ford,Cruze,2011,22766,29061,red,FL
Toyota,Accord,2010,59813,17062,blue,TX
Toyota,Accord,2014,17610,22362,white,FL
Honda,Altima,2017,74772,48787,white,NY
Nissan,Altima,2017,24050,30188,blue,TX
Chevrolet,Accord,2014,47978,20689,red,FL
Honda,Cruze,2015,63494,30652,white,FL
Honda,Cruze,2014,70439,48293,white,NY
Nissan,Fusion,2010,11982,37310,silver,NY
Nissan,Cruze,2018,40918,33264,blue,TX
Nissan,Cruze,2018,18472,39237,black,CA
Chevrolet,Altima,2016,81214,34270,black,TX
Nissan,Camry,2018,42181,19643,silver,TX
Toyota,Cruze,2010,65413,37760,red,TX
Toyota,Camry,2016,59216,48353,blue,TX
Chevrolet,Fusion,2017,51955,25884,white,IL
Honda,Camry,2012,49823,25509,black,NY
Ford,Cruze,2011,89164,18593,blue,CA
Ford,Altima,2012,17547,47126,silver,CA
Toyota,Altima,2017,42031,27236,blue,NY
Nissan,Fusion,2011,52880,17117,white,CA
Honda,Accord,2013,77826,36482,blue,NY
Chevrolet,Fusion,2011,94457,22210,white,TX
Toyota,Altima,2018,72348,12722,red,FL
Ford,Altima,2011,55029,40237,red,FL
Honda,Altima,2013,52329,41088,silver,TX
Toyota,Cruze,2017,34432,35864,silver,IL
Ford,Altima,2013,58884,46446,red,NY
Nissan,Camry,2016,54426,31780,red,IL
Chevrolet,Altima,2017,33598,29734,silver,CA
Honda,Accord,2017,66330,27324,red,FL
Ford,Fusion,2012,63400,44163,white,TX
Toyota,Fusion,2013,63749,14998,blue,CA
Nissan,Altima,2018,96846,22390,black,FL
Toyota,Camry,2014,17515,31659,blue,FL
Toyota,Camry,2014,12039,45041,black,TX
Honda,Camry,2015,20789,45564,silver,FL
Nissan,Camry,2016,15389,25824,white,IL
Chevrolet,Accord,2016,75296,46715,red,CA
Chevrolet,Accord,2014,93298,16196,white,IL
Ford,Accord,2014,24470,30887,black,NY
Honda,Fusion,2010,59729,38162,black,NY
Toyota,Accord,2013,28012,19212,white,NY
Chevrolet,Altima,2016,53028,42945,blue,TX
Honda,Altima,2011,66092,40552,silver,TX
Ford,Fusion,2015,36358,40823,blue,NY
Honda,Fusion,2014,51983,22739,red,CA
Ford,Altima,2015,40289,15493,blue,CA
Ford,Accord,2014,91900,32512,red,FL
Chevrolet,Fusion,2010,75831,38346,silver,FL
Ford,Altima,2018,63851,18351,red,IL
Toyota,Fusion,2011,18160,20903,blue,CA
Toyota,Camry,2011,81065,40197,blue,NY
Honda,Accord,2010,69035,10908,blue,FL
Nissan,Altima,2012,17511,49787,black,NY
Honda,Cruze,2015,84211,32808,red,IL
Honda,Camry,2013,43259,11786,red,FL
Nissan,Accord,2011,15912,38450,blue,FL
Nissan,Fusion,2016,35656,15820,black,CA
Toyota,Cruze,2013,34051,28243,black,IL
Honda,Cruze,2018,14870,30989,black,TX
Toyota,Accord,2010,28682,12481,black,CA
Toyota,Cruze,2017,94883,20183,red,NY
Toyota,Fusion,2014,70067,46444,blue,CA
Honda,Fusion,2014,44794,10135,white,NY
Nissan,Fusion,2015,76579,31080,blue,CA
Chevrolet,Accord,2010,26605,46265,black,CA
Chevrolet,Cruze,2010,31887,15790,white,CA
Chevrolet,Cruze,2015,67158,12972,black,CA
Chevrolet,Accord,2012,38744,10635,black,CA
Toyota,Camry,2012,54148,33137,red,CA
Honda,Cruze,2014,97116,20256,black,NY
Ford,Camry,2017,49078,41125,silver,IL
Toyota,Altima,2018,65052,17325,white,NY
Honda,Cruze,2014,99093,32592,white,IL
Chevrolet,Fusion,2014,82253,39274,red,FL
Nissan,Altima,2017,42568,43324,black,TX
Honda,Fusion,2014,81328,49920,red,CA
Nissan,Cruze,2010,16407,46581,silver,NY
Ford,Fusion,2014,14184,13957,blue,CA
Ford,Accord,2016,71204,35277,white,NY
Honda,Camry,2015,18206,49971,silver,CA
Nissan,Accord,2018,81487,24536,blue,IL
Ford,Cruze,2017,68806,49907,silver,CA
Toyota,Cruze,2014,77396,34897,white,FL
Chevrolet,Fusion,2017,99521,15731,silver,TX
Chevrolet,Accord,2012,76301,33780,red,FL
Ford,Altima,2013,42084,24658,red,IL
Ford,Altima,2017,87566,40385,silver,NY
Toyota,Altima,2014,91489,32079,blue,NY
Nissan,Altima,2016,67334,12486,blue,CA
Honda,Fusion,2013,22030,45530,white,IL
Chevrolet,Accord,2015,20853,29465,red,FL
Toyota,Fusion,2017,60814,18831,red,FL
Ford,Accord,2017,13043,41413,white,NY
Chevrolet,Accord,2011,57496,33795,white,IL
Chevrolet,Camry,2016,85237,11760,silver,IL
Toyota,Accord,2014,71700,30899,blue,TX
Ford,Fusion,2013,35849,36146,red,IL
Nissan,Cruze,2017,43372,17555,black,IL
Honda,Camry,2014,99415,38072,red,IL
Nissan,Cruze,2013,84500,40181,black,CA
Nissan,Altima,2013,69413,38136,silver,TX
Chevrolet,Altima,2014,68376,37334,red,CA
Toyota,Camry,2017,15737,11435,white,NY
Nissan,Camry,2018,32892,41914,silver,NY
Honda,Camry,2013,44379,36515,red,NY
Nissan,Altima,2016,71025,27368,blue,FL
Nissan,Altima,2011,73536,44486,red,FL
Honda,Fusion,2015,16957,37880,blue,NY
Honda,Accord,2013,37644,10692,black,FL
Ford,Accord,2018,96879,47473,silver,TX
Chevrolet,Fusion,2013,34137,10529,blue,NY
Toyota,Altima,2017,45588,16357,red,CA
Chevrolet,Accord,2015,23314,36571,silver,NY
Ford,Fusion,2014,46403,38710,white,TX
Ford,Altima,2015,75443,26895,white,FL
Toyota,Camry,2014,86860,17323,silver,FL
Chevrolet,Accord,2010,89400,33644,blue,FL
Chevrolet,Fusion,2017,64879,43126,silver,CA
Honda,Cruze,2014,37873,46229,white,FL
Nissan,Camry,2013,14718,27729,blue,FL
Toyota,Accord,2015,78651,34246,black,IL
Nissan,Accord,2016,57259,22826,red,CA
Nissan,Cruze,2012,57955,41278,blue,IL
Honda,Cruze,2011,90097,10796,black,TX
Toyota,Accord,2012,73387,27021,white,TX
Ford,Altima,2010,57712,40595,white,NY
Toyota,Accord,2012,63127,23615,red,IL
Chevrolet,Camry,2017,96608,16855,red,NY
Ford,Altima,2017,48626,17012,blue,TX
Nissan,Camry,2014,92009,44695,white,IL
Chevrolet,Cruze,2014,91902,42524,black,NY
Honda,Accord,2012,53192,44222,red,TX
Ford,Cruze,2013,83531,36058,red,FL
Nissan,Cruze,2015,52492,31701,white,TX
Nissan,Accord,2012,29329,25319,white,CA
Nissan,Cruze,2010,14612,41832,blue,IL
Nissan,Cruze,2017,42281,38804,black,FL
Toyota,Fusion,2017,40878,45041,red,NY
Toyota,Altima,2013,35962,21950,red,CA
Chevrolet,Cruze,2012,27076,13663,silver,CA
Toyota,Cruze,2015,13455,10022,silver,IL
Nissan,Accord,2013,79645,27302,white,IL
Ford,Fusion,2017,45278,37901,red,NY
Nissan,Altima,2011,49996,39766,red,FL
Ford,Camry,2015,56036,41239,red,CA
Chevrolet,Camry,2011,44403,32807,black,TX
Nissan,Fusion,2013,87512,45667,white,FL
Honda,Cruze,2017,58173,36523,white,CA
Chevrolet,Cruze,2015,44669,31552,blue,IL
Toyota,Cruze,2012,13828,23405,blue,CA
Toyota,Accord,2015,45721,31110,white,FL
Chevrolet,Altima,2014,77003,39335,red,FL
Nissan,Camry,2012,34280,48619,red,CA
Honda,Accord,2016,81176,24038,white,IL
Ford,Altima,2010,87052,37013,black,FL
Nissan,Altima,2015,32626,35991,black,NY
Ford,Camry,2017,34308,19112,white,IL
Toyota,Cruze,2013,39523,11628,black,NY
Nissan,Fusion,2010,78061,39701,white,CA
Honda,Camry,2011,37028,11859,blue,CA
Ford,Altima,2011,63702,10822,blue,IL
Toyota,Camry,2015,32245,46032,silver,FL
Honda,Accord,2012,65124,10319,black,TX
Nissan,Fusion,2012,81296,29894,red,FL
Nissan,Altima,2018,46644,41213,black,NY
Ford,Cruze,2017,58032,33236,white,CA
Toyota,Camry,2016,92396,16615,silver,IL
Ford,Altima,2011,29008,30488,black,FL
Ford,Cruze,2015,17744,36172,white,FL
Chevrolet,Cruze,2011,98571,44999,white,CA
Ford,Accord,2017,70597,10697,white,IL
Ford,Camry,2017,68513,17094,black,FL
Ford,Fusion,2015,82505,12102,white,CA
Toyota,Cruze,2015,17201,15484,red,CA
Toyota,Cruze,2018,32930,42285,red,IL
Honda,Fusion,2014,43764,34087,black,TX
Ford,Altima,2016,15999,19003,black,FL
Ford,Accord,2013,76917,42116,silver,CA
Toyota,Accord,2015,17637,29111,black,TX
Toyota,Cruze,2015,97559,38738,silver,FL
Ford,Accord,2013,81955,12331,red,FL
Ford,Cruze,2012,66365,29545,black,NY
Nissan,Camry,2010,53007,31438,red,NY
Honda,Cruze,2013,62284,14828,silver,TX
Toyota,Accord,2012,62878,48888,silver,FL
Nissan,Cruze,2016,45529,46290,black,NY
Chevrolet,Accord,2013,72170,33688,black,FL
Toyota,Altima,2015,26405,23696,black,NY
Nissan,Altima,2014,85932,43429,blue,CA
Toyota,Accord,2010,39521,19403,silver,NY
Chevrolet,Cruze,2017,55406,28971,silver,FL
Toyota,Fusion,2014,44613,48339,blue,FL
Honda,Accord,2017,58552,29308,black,CA
Chevrolet,Camry,2013,57696,12180,red,FL
Chevrolet,Accord,2015,98738,47147,blue,FL
Toyota,Camry,2017,62079,19363,red,NY
Ford,Cruze,2015,17092,16903,black,FL
Nissan,Fusion,2014,96681,41438,silver,IL
Ford,Cruze,2014,98661,34128,blue,FL
Nissan,Altima,2015,39523,14722,white,NY
Ford,Cruze,2018,12416,32626,red,CA
Honda,Camry,2010,35263,27678,blue,IL
Ford,Altima,2015,39683,44269,black,FL
Ford,Fusion,2011,56074,43061,white,IL
Nissan,Fusion,2018,82732,30463,blue,TX
Chevrolet,Fusion,2017,73934,30651,blue,NY
Nissan,Altima,2015,13040,11644,red,FL
Chevrolet,Altima,2018,77343,38677,blue,CA
Ford,Cruze,2010,33224,33353,silver,IL
Honda,Altima,2014,57836,34040,black,CA
Chevrolet,Accord,2013,45487,46341,silver,CA
Nissan,Altima,2011,58609,40758,silver,TX
Chevrolet,Accord,2013,43067,18228,black,IL
Ford,Accord,2018,60310,36705,black,IL
Chevrolet,Altima,2011,45148,14041,silver,IL
Chevrolet,Fusion,2015,90755,32967,blue,CA
Ford,Camry,2015,71922,17576,red,NY
Honda,Cruze,2012,34351,17846,white,TX
Chevrolet,Cruze,2012,49033,32056,silver,CA
Chevrolet,Fusion,2011,27215,48441,red,FL
Honda,Fusion,2017,33834,23886,silver,CA
Toyota,Fusion,2014,84608,15644,red,TX
Ford,Altima,2014,78013,37398,white,CA
Honda,Altima,2011,97849,22338,silver,FL
Chevrolet,Accord,2016,10746,10719,white,IL
Nissan,Fusion,2014,51588,26237,blue,NY
Toyota,Fusion,2013,80077,23483,white,CA
Honda,Accord,2014,87613,12640,white,TX
Chevrolet,Accord,2013,64572,38058,red,IL
Chevrolet,Fusion,2013,30864,13811,blue,CA
Ford,Camry,2017,82334,38666,blue,FL
Toyota,Altima,2013,77133,11286,black,IL
Honda,Accord,2018,36610,24300,red,TX
Ford,Cruze,2016,49853,39324,red,FL
Chevrolet,Altima,2015,51912,30350,red,NY
Toyota,Cruze,2013,25133,26020,blue,TX
Ford,Fusion,2014,86633,16085,white,TX
Honda,Altima,2012,69083,33518,silver,TX
Toyota,Accord,2011,89020,33420,black,IL
Nissan,Fusion,2011,43679,25434,black,CA
Toyota,Accord,2012,38167,24342,white,CA
Toyota,Camry,2017,78493,34265,black,TX
Chevrolet,Accord,2011,65871,13308,red,TX
Ford,Fusion,2011,43104,18993,black,CA
Ford,Accord,2011,62908,30435,black,CA
Chevrolet,Accord,2011,86598,19335,blue,CA
Ford,Cruze,2014,89616,15917,white,CA
Chevrolet,Altima,2012,91286,23734,black,FL
Toyota,Cruze,2016,40834,36477,blue,IL
Chevrolet,Camry,2018,92897,23119,black,IL
Chevrolet,Fusion,2011,23290,13056,silver,NY
Chevrolet,Fusion,2011,16125,10427,red,CA
Chevrolet,Camry,2018,25035,22205,blue,FL
Honda,Cruze,2015,46781,10972,silver,CA
Ford,Cruze,2012,12602,23578,black,IL
Chevrolet,Accord,2016,49073,38391,red,TX
Ford,Accord,2018,91185,18381,white,NY
Ford,Camry,2015,87489,38995,black,FL
Nissan,Altima,2010,76542,14973,black,IL
Nissan,Camry,2014,60612,27264,silver,CA
Nissan,Accord,2014,97158,13682,black,FL
Honda,Fusion,2010,37641,31169,blue,FL
Nissan,Cruze,2011,74085,39711,silver,IL
Nissan,Accord,2010,50864,18864,white,TX
Toyota,Camry,2014,25844,49871,red,IL
Honda,Cruze,2016,85494,16471,black,FL
Toyota,Fusion,2012,74178,38086,black,NY
Toyota,Altima,2018,62119,42575,blue,NY
Toyota,Fusion,2011,46281,45522,red,IL
Ford,Altima,2015,89447,22548,silver,CA
Honda,Fusion,2017,36557,26337,blue,FL
Ford,Accord,2011,97633,44212,red,FL
Nissan,Fusion,2011,57775,44160,white,IL
Chevrolet,Fusion,2015,24480,20593,white,CA
Toyota,Camry,2010,72701,44661,black,TX
Ford,Camry,2015,55383,32032,red,TX
Nissan,Fusion,2012,31459,32163,black,NY
Toyota,Cruze,2015,70406,25666,black,FL
Chevrolet,Fusion,2012,33123,12328,blue,IL
Nissan,Altima,2016,25501,37535,black,NY
Nissan,Camry,2016,46099,11584,blue,IL
Toyota,Camry,2012,73749,32558,red,TX
Chevrolet,Cruze,2012,13488,44090,silver,TX
Honda,Accord,2018,24083,12852,white,IL
Honda,Accord,2011,95431,44328,silver,IL
Ford,Fusion,2018,16860,45236,red,NY
Honda,Altima,2010,52992,24049,red,FL
Nissan,Altima,2011,29201,15559,silver,NY
Honda,Cruze,2014,30864,48873,black,NY
Toyota,Cruze,2012,91205,40255,blue,IL
Nissan,Accord,2012,18448,31651,blue,TX
Chevrolet,Cruze,2011,39503,21989,silver,IL
Chevrolet,Camry,2017,32078,22534,white,FL
Toyota,Accord,2010,63073,36722,black,IL
Ford,Fusion,2011,47124,30257,black,TX
Honda,Fusion,2018,90218,29560,white,FL
Chevrolet,Camry,2011,31723,25427,red,CA
Ford,Camry,2010,13299,28940,silver,IL
Chevrolet,Fusion,2017,61942,25671,white,FL
Honda,Camry,2012,23167,18170,blue,CA
Ford,Camry,2014,40278,12861,silver,CA
Toyota,Camry,2017,15878,33520,black,CA
Ford,Cruze,2011,72867,17234,white,NY
Nissan,Fusion,2015,78246,27626,blue,NY
Chevrolet,Cruze,2010,20774,10312,white,FL
Ford,Altima,2011,91306,37530,silver,NY
Chevrolet,Camry,2014,32167,27336,blue,TX
Chevrolet,Cruze,2010,77114,41600,silver,TX
Ford,Altima,2015,87473,11379,silver,FL
Nissan,Camry,2016,74079,25169,red,FL
Honda,Fusion,2015,50841,14419,silver,NY
Chevrolet,Fusion,2010,58245,33985,blue,CA
Ford,Accord,2017,62502,37333,black,FL
Nissan,Altima,2010,92108,13831,red,NY
Chevrolet,Accord,2011,93272,12002,black,IL
Chevrolet,Camry,2018,78890,48430,red,NY
Nissan,Altima,2017,68580,49781,blue,FL
Chevrolet,Accord,2016,51501,10243,blue,IL
Toyota,Altima,2014,24884,28748,silver,FL
Nissan,Fusion,2011,79625,47280,silver,FL
Ford,Fusion,2011,39573,13265,blue,IL
Nissan,Altima,2018,24635,15163,white,CA
Chevrolet,Camry,2015,36888,16802,red,CA
Nissan,Camry,2010,94789,10672,silver,CA
Ford,Accord,2010,42228,35497,black,CA
Ford,Accord,2015,57307,22564,silver,FL
Toyota,Camry,2014,99124,16344,black,IL
Honda,Altima,2015,32834,17855,white,TX
Honda,Cruze,2011,96442,46996,silver,CA
Toyota,Accord,2011,58468,14328,silver,CA
Chevrolet,Accord,2012,19202,26727,black,TX
Chevrolet,Altima,2014,44170,24502,red,NY
Honda,Altima,2017,69823,14480,white,CA
Nissan,Camry,2011,54811,10188,black,TX
Chevrolet,Altima,2012,48614,20475,blue,NY
Honda,Altima,2018,51026,29581,white,FL
Honda,Camry,2018,60743,40380,blue,TX
Honda,Accord,2018,13677,29954,red,IL
Ford,Camry,2010,57651,32950,black,CA
Toyota,Altima,2013,30306,36530,black,CA
Chevrolet,Camry,2014,91723,48533,red,FL
Ford,Fusion,2016,89481,18592,white,IL
Chevrolet,Altima,2011,33225,19572,black,FL
Toyota,Cruze,2017,84102,35908,black,FL
Nissan,Camry,2010,71827,23000,white,NY
Chevrolet,Accord,2011,23828,17561,blue,TX
Ford,Cruze,2011,72653,41021,white,TX
Toyota,Fusion,2011,96214,20773,red,FL
Honda,Fusion,2013,25360,38818,blue,IL
Toyota,Accord,2010,27932,16432,black,NY
Honda,Fusion,2018,16069,24439,silver,CA
Honda,Cruze,2017,89704,40498,red,TX
Toyota,Cruze,2013,42757,38837,white,TX
Honda,Fusion,2010,56055,49053,black,TX
Chevrolet,Cruze,2011,91582,47689,silver,CA
Ford,Cruze,2010,67858,13810,red,TX
Chevrolet,Fusion,2018,48959,22883,black,IL
Chevrolet,Altima,2017,58324,26135,white,IL
Ford,Camry,2013,20731,49875,silver,IL
Toyota,Fusion,2012,13339,31772,blue,CA
Honda,Accord,2011,42618,15403,silver,NY
Nissan,Altima,2016,27900,13882,blue,CA
Nissan,Accord,2014,63271,20427,red,CA
Nissan,Cruze,2011,65150,42105,black,TX
Nissan,Altima,2017,42174,30961,blue,CA
Honda,Accord,2017,18722,45798,silver,TX
Honda,Accord,2010,37366,31932,blue,NY
Nissan,Cruze,2015,55094,41268,black,IL
Ford,Camry,2010,12159,36923,red,TX
Ford,Cruze,2014,99672,27771,black,FL
Chevrolet,Fusion,2015,49809,43731,blue,CA
Toyota,Cruze,2017,91115,38568,silver,IL
Chevrolet,Accord,2015,13250,28707,black,IL
Honda,Fusion,2013,42349,17475,black,IL
Toyota,Camry,2013,11254,38759,blue,CA
Toyota,Fusion,2013,52368,37960,silver,FL
Toyota,Camry,2014,19779,10039,blue,CA
Toyota,Altima,2018,19715,36399,blue,NY
Chevrolet,Accord,2011,21653,24181,blue,IL
Chevrolet,Cruze,2011,19845,31425,silver,NY
Toyota,Fusion,2017,55039,21604,black,NY
Toyota,Camry,2013,97328,27098,blue,NY
Chevrolet,Fusion,2014,13850,28979,silver,TX
Toyota,Cruze,2010,31949,46335,silver,FL
Nissan,Altima,2010,14718,40949,red,NY
Chevrolet,Accord,2015,51768,49464,black,IL
Chevrolet,Accord,2011,60630,18043,blue,CA
Toyota,Accord,2018,92122,33949,blue,NY
Nissan,Accord,2010,52060,12262,black,IL
Chevrolet,Fusion,2018,96576,22367,white,TX
Nissan,Accord,2010,23354,34836,black,TX
Honda,Accord,2013,35840,44838,silver,IL
Ford,Fusion,2012,50011,37071,black,TX
Toyota,Altima,2018,44032,22669,red,NY
Nissan,Altima,2015,71480,19878,red,CA
Toyota,Fusion,2010,50375,13699,silver,TX
Chevrolet,Camry,2010,35552,33378,silver,TX
Nissan,Accord,2017,62439,19660,white,CA
Chevrolet,Accord,2017,75565,30933,red,TX
Ford,Accord,2012,72705,27587,silver,CA
Toyota,Fusion,2011,56794,15995,blue,NY
Ford,Accord,2016,92247,38301,white,NY
Honda,Fusion,2016,59068,14314,red,NY
Honda,Accord,2018,76692,24581,red,IL
Nissan,Altima,2018,32730,35839,blue,IL
Nissan,Altima,2011,34825,23254,white,TX
Ford,Camry,2012,60679,39285,red,IL
Toyota,Cruze,2011,87526,12541,silver,FL
Chevrolet,Camry,2012,78562,15896,white,NY
Chevrolet,Cruze,2018,85808,25127,blue,FL
Ford,Accord,2012,39083,19270,silver,IL
Ford,Cruze,2013,65602,29797,blue,IL
Ford,Camry,2012,10603,43674,white,NY
Chevrolet,Altima,2015,55710,40666,red,IL
Toyota,Camry,2015,31509,45668,white,TX
Ford,Altima,2010,10284,35653,silver,TX
Honda,Accord,2017,71930,37752,white,CA
Chevrolet,Camry,2013,14489,27512,silver,TX
Ford,Camry,2014,60472,23797,blue,NY
Nissan,Camry,2016,49003,40439,white,CA
Nissan,Cruze,2013,58468,17700,black,FL
Honda,Accord,2010,49497,14358,black,IL
Nissan,Cruze,2013,69549,49278,blue,CA
Ford,Accord,2011,55080,18482,blue,TX
Honda,Cruze,2017,22650,21426,red,CA
Chevrolet,Fusion,2016,59786,22012,red,FL
Chevrolet,Accord,2010,24517,42874,silver,IL
Toyota,Camry,2012,93536,34668,black,NY
Chevrolet,Camry,2018,33094,19870,red,NY
Chevrolet,Accord,2015,34463,14014,silver,TX
Nissan,Cruze,2012,20543,41558,silver,TX
Toyota,Cruze,2018,43040,15424,blue,CA
Nissan,Altima,2017,12636,20570,blue,NY
Toyota,Cruze,2017,44337,19280,black,TX
Nissan,Camry,2012,40801,47770,black,NY
Nissan,Cruze,2012,58496,31589,red,IL
Honda,Cruze,2012,33296,17167,black,FL
Toyota,Camry,2012,65415,39905,red,NY
Ford,Fusion,2017,15177,12947,red,TX
Chevrolet,Accord,2011,14481,49998,red,FL
Ford,Cruze,2016,18833,19160,blue,TX
Ford,Camry,2010,47454,21131,blue,TX
Honda,Camry,2011,92036,48213,black,NY
Nissan,Accord,2011,92817,43178,blue,CA
Nissan,Camry,2011,40408,11022,silver,NY
Ford,Altima,2014,85896,33091,red,FL
Toyota,Altima,2018,92711,15887,red,TX
Nissan,Camry,2011,94750,11168,black,IL
Nissan,Cruze,2011,84321,25574,red,FL
Honda,Camry,2018,99367,11520,blue,FL
Toyota,Altima,2011,94147,29682,red,NY
Ford,Fusion,2011,51299,27363,white,IL
Chevrolet,Cruze,2012,70135,21949,red,CA
Toyota,Cruze,2015,55104,28912,blue,TX
Ford,Altima,2017,33161,21365,white,CA
Nissan,Accord,2018,27116,21468,silver,IL
Ford,Cruze,2018,69843,24188,blue,TX
Nissan,Accord,2018,67273,28814,blue,IL
Toyota,Camry,2010,13941,18722,silver,CA
Honda,Camry,2010,49124,35758,red,CA
Nissan,Cruze,2013,44792,32496,white,CA
Honda,Camry,2016,77970,13406,red,TX
Nissan,Accord,2013,91399,45893,silver,TX
Honda,Camry,2017,43095,45353,silver,CA
Chevrolet,Camry,2011,86851,14660,black,FL
Honda,Accord,2018,30430,45372,black,NY
Ford,Altima,2013,99359,28183,white,CA
Chevrolet,Accord,2010,55674,19455,white,IL
Chevrolet,Altima,2015,62638,46267,red,NY
Chevrolet,Camry,2010,64763,43757,white,IL
Ford,Accord,2017,85118,34569,silver,IL
Toyota,Camry,2010,30378,46952,silver,TX
Ford,Fusion,2012,27905,43169,black,TX
Honda,Cruze,2012,15306,32734,white,TX
Nissan,Cruze,2017,52959,36238,white,FL
Toyota,Altima,2013,34269,14146,black,CA
Chevrolet,Fusion,2010,15787,21754,blue,IL
Nissan,Fusion,2012,67229,40220,black,IL
Toyota,Camry,2010,45377,47370,blue,IL
Toyota,Fusion,2014,25925,49763,red,FL
Nissan,Altima,2012,37108,11046,red,CA
Chevrolet,Altima,2017,89329,16770,silver,NY
Chevrolet,Altima,2018,79387,17762,red,IL
Toyota,Cruze,2010,51063,45388,blue,TX
Toyota,Fusion,2011,89139,35765,red,IL
Toyota,Fusion,2017,77362,47268,white,CA
Ford,Fusion,2018,71010,49401,blue,TX
Ford,Cruze,2016,34172,46266,red,IL
Ford,Altima,2010,72079,10539,silver,FL
Honda,Altima,2016,14572,29932,black,TX
Toyota,Camry,2010,69884,47735,red,NY
Chevrolet,Accord,2018,55787,12249,silver,NY
Toyota,Accord,2011,16646,10439,blue,FL
Toyota,Fusion,2014,54387,39628,silver,CA
Chevrolet,Accord,2017,86700,46310,white,IL
Ford,Altima,2013,50918,13274,white,FL
Toyota,Camry,2014,44743,35663,silver,FL
Nissan,Altima,2016,76351,14690,black,IL
Nissan,Fusion,2010,44589,40205,red,TX
Toyota,Cruze,2018,98225,48224,blue,NY
Chevrolet,Altima,2010,51939,43023,silver,FL
Honda,Cruze,2014,84920,14548,blue,CA
Toyota,Altima,2018,89119,30225,black,CA
Chevrolet,Cruze,2013,30849,17482,black,CA
Chevrolet,Accord,2018,61324,47640,white,TX
Toyota,Accord,2017,69402,43998,blue,TX
Ford,Cruze,2010,49268,15274,blue,NY
Toyota,Fusion,2010,47494,18680,blue,FL
Chevrolet,Camry,2016,31139,12166,black,CA
Nissan,Altima,2018,11522,19083,blue,TX
Nissan,Fusion,2010,79097,36667,red,TX
Toyota,Altima,2013,38723,39412,red,TX
Toyota,Accord,2016,37974,31357,blue,FL
Chevrolet,Altima,2017,31998,24529,white,FL
Nissan,Altima,2016,57621,16871,black,IL
Honda,Cruze,2015,93098,11894,red,FL
Honda,Camry,2013,90392,28391,silver,CA
Honda,Cruze,2016,54801,17990,silver,FL
Nissan,Accord,2014,67663,25891,silver,FL
Honda,Accord,2010,16598,48900,silver,TX
Nissan,Fusion,2014,89764,43031,black,IL
Ford,Altima,2014,15804,48082,silver,NY
Toyota,Camry,2018,82612,43827,white,NY
Ford,Cruze,2011,67456,23716,silver,IL
Honda,Camry,2011,20205,25546,red,FL
Chevrolet,Accord,2013,75756,17613,blue,IL
Toyota,Accord,2010,32856,27073,white,TX
Nissan,Camry,2015,30860,20084,blue,NY
Nissan,Camry,2012,28559,28207,silver,IL
Nissan,Fusion,2010,72041,29198,black,CA
Chevrolet,Fusion,2012,53227,46923,white,TX
Chevrolet,Cruze,2010,24728,25142,red,CA
Toyota,Camry,2013,39088,20071,silver,FL
Honda,Fusion,2011,63467,41502,red,TX
Honda,Fusion,2017,82367,27958,black,NY
Honda,Accord,2014,38851,10247,blue,CA
Ford,Accord,2011,84988,19130,silver,IL
Chevrolet,Altima,2010,60958,46759,red,TX
Honda,Altima,2017,51565,27113,black,FL
Chevrolet,Accord,2016,42425,48936,blue,FL
Honda,Accord,2013,75311,28296,white,NY
Ford,Cruze,2012,59443,42159,silver,FL
Toyota,Altima,2014,62073,19027,blue,CA
Ford,Altima,2018,44878,47356,black,IL
Nissan,Fusion,2015,88007,21480,white,TX
Ford,Fusion,2012,78092,22058,blue,IL
Ford,Accord,2018,20835,25712,white,IL
Toyota,Fusion,2010,84786,40159,black,NY
Nissan,Altima,2018,98391,22681,white,CA
Ford,Fusion,2012,30177,15581,black,IL
Toyota,Cruze,2017,22225,30949,white,CA
Ford,Camry,2017,56198,29246,black,NY
Toyota,Fusion,2013,46763,43572,blue,NY
Honda,Cruze,2017,87423,47348,silver,NY
Ford,Altima,2018,86239,22701,blue,FL
Honda,Camry,2015,49429,16017,white,CA
Toyota,Altima,2010,64316,45297,silver,CA
Toyota,Fusion,2014,34917,40133,black,FL
Nissan,Altima,2017,25716,10091,red,TX
Ford,Altima,2012,43003,20362,white,TX
Chevrolet,Camry,2014,74050,11975,white,NY
Nissan,Altima,2015,91085,21525,white,NY
Nissan,Fusion,2016,63552,29068,white,CA
Chevrolet,Camry,2012,48518,39646,red,NY
Nissan,Fusion,2010,66163,36421,white,IL
Chevrolet,Altima,2014,93341,15979,blue,NY
Chevrolet,Cruze,2018,36590,45805,white,CA
Ford,Cruze,2012,69318,12866,blue,CA
Toyota,Fusion,2016,82377,44532,silver,TX
Toyota,Cruze,2014,50685,14998,white,TX
Ford,Camry,2018,34074,34333,silver,NY
Ford,Cruze,2016,99321,37274,silver,NY
Chevrolet,Fusion,2010,89745,24371,silver,NY
Chevrolet,Altima,2013,25091,13960,red,NY
Chevrolet,Cruze,2018,75198,17882,white,FL
Honda,Altima,2015,87021,49424,red,IL
Ford,Accord,2015,31907,28292,red,FL
Nissan,Camry,2011,42937,24725,silver,NY
Chevrolet,Cruze,2012,57851,12957,red,NY
Nissan,Altima,2011,89965,10776,silver,CA
Chevrolet,Cruze,2010,54916,19781,red,FL
Chevrolet,Fusion,2014,99354,22193,red,CA
Nissan,Cruze,2014,81102,29753,red,IL
Nissan,Altima,2016,74116,36768,white,IL
Nissan,Cruze,2013,46244,26595,white,FL
Ford,Camry,2018,26945,19806,black,FL
Ford,Cruze,2012,64858,24230,red,FL
Ford,Camry,2016,97387,28156,black,IL
Toyota,Accord,2011,99783,34589,silver,IL
Ford,Fusion,2017,53608,21924,black,NY
Nissan,Cruze,2018,38769,36374,white,FL
Nissan,Altima,2016,71109,27649,blue,TX
Ford,Cruze,2018,73930,37517,blue,CA
Honda,Fusion,2014,77555,15880,silver,TX
Honda,Altima,2018,38019,16844,black,TX
Nissan,Fusion,2014,83120,23611,silver,CA
Honda,Camry,2013,77144,37003,silver,IL
Chevrolet,Camry,2015,49539,20015,silver,CA
Ford,Fusion,2018,41441,26128,silver,FL
Nissan,Cruze,2011,94176,26010,white,FL
Ford,Accord,2017,65746,49242,white,FL
Nissan,Camry,2016,37740,19351,black,FL
Chevrolet,Camry,2012,85404,28708,red,CA
Honda,Fusion,2016,55635,15289,silver,CA
Toyota,Accord,2010,40888,33332,silver,IL
Toyota,Fusion,2017,33388,15359,silver,FL
Chevrolet,Cruze,2013,29013,24633,silver,NY
Ford,Accord,2013,77041,18888,black,FL
Chevrolet,Camry,2012,44400,45962,white,TX
Ford,Cruze,2010,84333,15370,white,NY
Chevrolet,Cruze,2017,75596,29079,white,FL
Nissan,Fusion,2015,25405,35867,red,IL
Honda,Camry,2015,43742,41587,silver,TX
Toyota,Accord,2013,80982,42502,silver,IL
Toyota,Camry,2010,34075,38020,black,TX
Honda,Camry,2011,55769,19553,silver,CA
Ford,Cruze,2011,40179,28301,red,CA
Toyota,Accord,2016,49318,40180,silver,FL
Chevrolet,Cruze,2013,97727,48795,blue,CA
Chevrolet,Accord,2016,77747,39574,white,NY
Chevrolet,Cruze,2014,88874,18278,black,TX
Honda,Accord,2012,52836,30182,white,NY
Chevrolet,Cruze,2015,29359,46739,silver,CA
Nissan,Cruze,2018,47336,11769,black,TX
Honda,Fusion,2011,68596,37208,silver,FL
Ford,Fusion,2014,96044,13560,black,CA
Chevrolet,Fusion,2011,28593,27316,white,IL
Ford,Cruze,2017,89454,21249,silver,CA
Nissan,Cruze,2012,14180,37178,silver,TX
Honda,Cruze,2014,33493,11921,silver,NY
Nissan,Accord,2017,49179,26304,red,NY
Chevrolet,Cruze,2017,32758,26289,red,TX
Toyota,Cruze,2010,76705,34530,silver,IL
Chevrolet,Fusion,2012,64367,15155,silver,NY
Nissan,Cruze,2018,49145,38511,black,FL
Honda,Altima,2010,83934,46820,white,NY
Honda,Accord,2015,40859,29372,blue,NY
Honda,Accord,2016,90679,21621,silver,FL
Ford,Camry,2016,58967,33328,white,CA
Nissan,Fusion,2013,50823,34125,blue,TX
Honda,Accord,2013,73801,43499,silver,TX
Honda,Accord,2017,54386,12271,silver,TX
Toyota,Fusion,2016,89606,47875,black,FL
Nissan,Altima,2014,51404,29361,red,FL
Nissan,Cruze,2014,68161,18452,black,IL
Chevrolet,Cruze,2018,60286,30419,red,TX
Chevrolet,Accord,2014,70149,46482,silver,IL
Chevrolet,Cruze,2015,43842,17690,blue,IL
Ford,Fusion,2014,70025,33898,black,NY
Honda,Accord,2013,76116,44456,white,CA
Ford,Fusion,2017,37822,23085,black,TX
Honda,Camry,2010,18030,32184,white,FL
Nissan,Accord,2018,16417,38167,black,NY
Toyota,Camry,2015,84171,28173,white,FL
Honda,Accord,2013,27268,29146,silver,NY
Toyota,Cruze,2015,65113,14382,white,NY
Ford,Accord,2010,95602,14837,red,IL
Nissan,Camry,2010,23681,49199,black,CA
Chevrolet,Accord,2018,86439,16140,silver,NY
Ford,Camry,2014,97246,22553,red,TX
Nissan,Accord,2012,21141,10372,blue,IL
Toyota,Camry,2017,81830,25514,black,TX
Toyota,Cruze,2018,37635,29967,white,NY
Toyota,Altima,2016,76606,17055,black,NY
Honda,Altima,2014,18563,16523,silver,FL
Chevrolet,Fusion,2013,62536,40359,blue,IL
Chevrolet,Cruze,2018,54648,41086,white,TX
Nissan,Cruze,2012,59585,30097,white,CA
Nissan,Cruze,2011,49648,19015,blue,TX
Nissan,Accord,2011,69376,12797,red,CA
Honda,Altima,2018,65777,40998,red,TX
Chevrolet,Cruze,2014,46647,28525,red,NY
Ford,Altima,2013,82369,10798,silver,TX
Chevrolet,Accord,2011,60134,36536,silver,IL
Honda,Cruze,2015,79325,37390,silver,FL
Chevrolet,Fusion,2015,67312,26247,silver,TX
Nissan,Cruze,2018,35323,26984,white,TX
Nissan,Camry,2012,44599,24656,red,NY
Chevrolet,Altima,2018,86710,13340,blue,NY
Nissan,Accord,2018,93865,14663,black,CA
Honda,Cruze,2017,19474,26400,blue,NY
Toyota,Accord,2013,60891,41957,silver,NY
Nissan,Cruze,2015,99258,38084,white,FL
Toyota,Cruze,2014,74379,47467,red,FL
Honda,Altima,2012,10838,46879,white,FL
Toyota,Accord,2012,54253,14085,silver,TX
Ford,Altima,2011,49827,49768,blue,FL
Chevrolet,Altima,2015,54401,37659,silver,TX
Ford,Accord,2010,92134,48926,black,FL
Nissan,Fusion,2012,31256,28439,red,FL
Toyota,Cruze,2014,38847,49473,red,NY
Ford,Cruze,2011,48131,30325,silver,IL
Honda,Cruze,2011,94907,19088,white,CA
Ford,Fusion,2011,67439,25143,white,TX
Chevrolet,Fusion,2017,95695,21479,black,IL
Nissan,Camry,2016,13925,11789,black,IL
Nissan,Cruze,2010,35211,24221,blue,IL
Honda,Camry,2017,42680,30367,silver,FL
Honda,Cruze,2012,61842,33361,red,TX
Toyota,Fusion,2018,86084,35769,white,IL
Toyota,Fusion,2013,49171,32389,silver,IL
Toyota,Camry,2011,63854,25428,black,IL
Nissan,Altima,2014,21291,30582,silver,TX
Nissan,Accord,2010,20771,13804,black,NY
Chevrolet,Cruze,2018,56361,14539,black,TX
Chevrolet,Camry,2018,18274,20199,blue,FL
Ford,Fusion,2016,41013,20559,silver,CA
Nissan,Camry,2012,57277,44466,black,FL
Nissan,Fusion,2010,62980,39974,red,TX
Nissan,Accord,2018,72736,15758,white,NY
Ford,Cruze,2011,20400,26454,white,NY
Chevrolet,Altima,2012,11388,44920,blue,TX
Toyota,Accord,2018,82315,17453,red,CA
Chevrolet,Camry,2017,95067,11847,silver,CA
Nissan,Accord,2010,61441,30044,red,CA
Chevrolet,Cruze,2013,91325,24223,white,FL
Toyota,Fusion,2010,40619,15103,silver,NY
Ford,Fusion,2017,50245,34740,white,IL
Nissan,Altima,2016,57066,19783,blue,NY
Honda,Altima,2014,40254,34143,silver,FL
Honda,Accord,2018,35269,13976,white,TX
Honda,Camry,2010,70329,23971,silver,TX
Chevrolet,Fusion,2011,19103,19740,red,NY
Toyota,Altima,2014,39789,23476,white,TX
Ford,Accord,2016,77463,12786,red,CA
Ford,Fusion,2016,73105,17516,blue,IL
Honda,Cruze,2010,39566,15363,black,CA
Chevrolet,Accord,2013,48418,47104,blue,CA
Nissan,Fusion,2018,57005,10631,red,CA
Ford,Accord,2018,84864,38413,blue,CA
Toyota,Accord,2011,12147,24688,silver,TX
Nissan,Accord,2016,47031,29601,red,FL
Toyota,Fusion,2010,11108,27744,white,IL
Nissan,Cruze,2018,58480,32515,silver,NY
Chevrolet,Altima,2013,58420,28036,blue,NY
Honda,Altima,2010,25104,10696,white,IL
Honda,Accord,2013,82448,20488,white,FL
Honda,Fusion,2014,58183,12447,white,NY
Nissan,Cruze,2011,47165,14283,white,FL
Toyota,Altima,2010,91736,11102,silver,IL
Nissan,Altima,2016,67374,37754,silver,TX
Toyota,Accord,2012,64721,37830,white,TX
Nissan,Fusion,2010,51267,39099,white,CA
Honda,Camry,2017,71588,17712,silver,NY
Chevrolet,Accord,2016,30560,30130,silver,IL
Nissan,Fusion,2013,19659,39774,black,CA
Chevrolet,Fusion,2013,63568,27394,red,NY
Nissan,Cruze,2010,19018,31801,silver,CA
Honda,Fusion,2013,82805,33651,white,CA
Chevrolet,Accord,2012,82660,42134,silver,NY
Honda,Altima,2018,12079,49217,silver,NY
Honda,Altima,2013,80760,29121,red,IL
Toyota,Accord,2011,69854,30886,blue,CA
Toyota,Accord,2012,43638,47241,silver,TX
Chevrolet,Camry,2011,21308,18800,black,CA
Chevrolet,Fusion,2010,25466,19036,red,IL
Honda,Cruze,2018,54761,29466,red,FL
Toyota,Altima,2011,17506,17183,black,CA
Nissan,Camry,2010,12725,49989,red,TX
Nissan,Altima,2010,58683,19672,red,CA
Toyota,Accord,2013,49126,11253,white,NY
Nissan,Fusion,2017,42872,12151,silver,FL
Ford,Accord,2012,61476,14076,red,FL
Honda,Accord,2014,92005,36333,silver,TX
Honda,Camry,2013,13377,31403,blue,CA
Ford,Accord,2013,94691,11732,red,FL
Nissan,Camry,2010,13245,49884,blue,NY
Toyota,Altima,2018,10524,12529,silver,NY
Toyota,Camry,2012,59101,28453,red,TX
Nissan,Fusion,2010,71748,44294,white,CA
Toyota,Cruze,2017,53073,37143,blue,CA
Chevrolet,Altima,2010,46134,44521,red,TX
Toyota,Camry,2013,23197,20778,blue,IL
Ford,Altima,2015,90618,13901,black,FL
Ford,Cruze,2013,88519,44143,silver,IL
Chevrolet,Accord,2018,83609,48807,blue,FL
Honda,Camry,2013,19298,12151,black,CA
Nissan,Cruze,2010,80620,48811,silver,FL
Toyota,Camry,2010,51751,15292,black,FL
Honda,Cruze,2011,48055,12302,white,NY
Toyota,Accord,2012,78787,29497,black,FL
Chevrolet,Fusion,2016,11007,10037,silver,CA
Honda,Fusion,2013,46262,44387,red,IL
Toyota,Altima,2016,70914,43582,silver,NY
Nissan,Camry,2016,69423,34455,blue,CA
Honda,Cruze,2011,41943,39729,black,CA
Nissan,Fusion,2018,30045,10818,white,NY
Ford,Camry,2013,44049,47437,silver,CA
Toyota,Cruze,2010,53089,37810,black,CA
Ford,Fusion,2018,60892,48490,black,TX
Chevrolet,Accord,2018,47264,12039,red,CA
Ford,Altima,2014,82471,44781,white,IL
Toyota,Camry,2013,77107,45393,white,CA
Toyota,Fusion,2011,64371,37039,black,TX
Toyota,Camry,2016,41292,25734,blue,FL
Toyota,Accord,2016,30406,49110,blue,IL
Honda,Accord,2018,20374,32248,silver,NY
Chevrolet,Altima,2014,84439,42702,silver,IL
Chevrolet,Accord,2018,26933,21813,silver,TX
Honda,Altima,2017,25154,43139,red,FL
Chevrolet,Accord,2017,68264,15632,white,TX
Nissan,Cruze,2016,17417,30832,silver,IL
Honda,Accord,2011,68878,10801,blue,TX
Chevrolet,Cruze,2010,99313,31827,black,CA
